tool	sample	Weighted UniFrac error	Unweighted UniFrac error	L1 norm error	Completeness	Purity	F1 score	True positives	False positives	False negatives	Taxon counts	Jaccard index	Shannon diversity	Shannon equitability	Bray-Curtis distance
Bracken2.6	0	3.6682172626454865	11049.99999	0.19378999999999977	0.6129032258064516	0.296875	0.39999999999999997	19.0	45.0	12.0	64.0	0.25	1.5524486621877829	0.3732849976955034	0.1026946821758828
Bracken2.6	9	3.838002703202861	10168.000549999999	0.29757000000000083	0.6285714285714286	0.4074074074074074	0.4943820224719101	22.0	32.0	13.0	54.0	0.3283582089552239	1.3144289520621373	0.3295147177122103	0.15423488983222183
Bracken2.6	8	3.822042165766862	10294.00027	0.29711000000000015	0.6976744186046512	0.44776119402985076	0.5454545454545455	30.0	37.0	13.0	67.0	0.375	1.3466827588805557	0.3202809053556019	0.15281628202424613
Bracken2.6	7	3.670147009533877	10423.000620006193	0.25317999999999996	0.6666666666666666	0.45161290322580644	0.5384615384615384	28.0	34.0	14.0	62.0	0.3684210526315789	1.4400778607162363	0.3489292391191431	0.13425317100072112
Bracken2.6	6	4.180833597509231	10816.000170000001	0.33488000000000007	0.7	0.45901639344262296	0.5544554455445544	28.0	33.0	12.0	61.0	0.3835616438356164	1.3445330662969983	0.32706745833647255	0.17784575513282133
Bracken2.6	5	4.012340277612906	11204.000530000001	0.3220900000000001	0.625	0.31746031746031744	0.42105263157894735	20.0	43.0	12.0	63.0	0.26666666666666666	1.4889271003370876	0.35937211765108834	0.17323652010219176
Bracken2.6	3	4.216061197143257	11846.00022	0.30074000000000045	0.675	0.36	0.46956521739130425	27.0	48.0	13.0	75.0	0.3068181818181818	1.6585092585367058	0.3841375389863613	0.15983205782312954
Bracken2.6	20	3.742137207046105	10868.000259997396	0.2525299999999999	0.7	0.4444444444444444	0.5436893203883495	28.0	35.0	12.0	63.0	0.37333333333333335	1.476743658956934	0.3564314840041674	0.1324719743585708
Bracken2.6	2	3.474248194616613	10640.000110000003	0.18366000000000007	0.5555555555555556	0.2459016393442623	0.3409090909090909	15.0	46.0	12.0	61.0	0.2054794520547945	1.482610505998788	0.3606558009283357	0.09689264046425748
Bracken2.6	19	3.9437065164995255	12232.00023	0.2678299999999997	0.6285714285714286	0.3055555555555556	0.4112149532710281	22.0	50.0	13.0	72.0	0.25882352941176473	1.4218793917830546	0.3324737896794689	0.1370710611837558
Bracken2.6	4	4.343806447836175	12623.000049999993	0.33791000000000054	0.7	0.34146341463414637	0.4590163934426229	28.0	54.0	12.0	82.0	0.2978723404255319	1.8221766343188248	0.4134995973365117	0.17350517316628605
Bracken2.6	17	3.7203173118517676	10927.000349999997	0.27419000000000077	0.6571428571428571	0.39655172413793105	0.4946236559139785	23.0	35.0	12.0	58.0	0.32857142857142857	1.4250127669190995	0.3509500720039249	0.14422475054309844
Bracken2.6	18	3.918373143557605	11331.000470000003	0.2726800000000001	0.6285714285714286	0.3235294117647059	0.4271844660194175	22.0	46.0	13.0	68.0	0.2716049382716049	1.5160840395904807	0.3593035362231208	0.14220599739243814
Bracken2.6	10	4.07467774718349	10563.000200000002	0.3257400000000002	0.6585365853658537	0.4153846153846154	0.509433962264151	27.0	38.0	14.0	65.0	0.34177215189873417	1.3783093700914697	0.33018243899683236	0.17043920509842092
Bracken2.6	11	3.689616045425397	9681.000450000001	0.2711200000000001	0.6060606060606061	0.3508771929824561	0.4444444444444444	20.0	37.0	13.0	57.0	0.2857142857142857	1.2503689405754486	0.30926368669204224	0.14118627297818054
Bracken2.6	12	3.566456943802097	11800.000009999998	0.18091000000000054	0.625	0.2631578947368421	0.37037037037037035	20.0	56.0	12.0	76.0	0.22727272727272727	1.2947693212197249	0.2989723031836728	0.09292446772992295
Bracken2.6	1	3.7668166814368793	11940.999849999997	0.24823000000000028	0.6060606060606061	0.2702702702702703	0.3738317757009346	20.0	54.0	13.0	74.0	0.22988505747126436	1.6848723551335976	0.3914607048564154	0.12745364831768183
Bracken2.6	14	2.9777531597192506	10115.000380000003	0.14341999999999971	0.6666666666666666	0.37681159420289856	0.4814814814814815	26.0	43.0	13.0	69.0	0.3170731707317073	1.0487211500444673	0.2476841687628308	0.0737180805131789
Bracken2.6	15	4.006090223035593	12399.000119998798	0.25830000000000036	0.7142857142857143	0.4166666666666667	0.5263157894736842	30.0	42.0	12.0	72.0	0.35714285714285715	1.515977423317682	0.35447644990964766	0.13423481478401883
Bracken2.6	16	4.2420333445852325	10267.00057	0.17484000000000005	0.7142857142857143	0.4838709677419355	0.5769230769230769	30.0	32.0	12.0	62.0	0.40540540540540543	1.3977943310524654	0.33868398763981455	0.09187888215077718
Bracken2.6	13	3.9694532084385137	10929.000079999998	0.31617000000000006	0.6486486486486487	0.4	0.49484536082474234	24.0	36.0	13.0	60.0	0.3287671232876712	1.440856740217312	0.35191389447578003	0.16812455797976147
KSSD2.L3K10S18	2	3.2552989999999955	797.9997739999999	0.20409500000000008	0.4444444444444444	0.8571428571428571	0.5853658536585367	12.0	2.0	15.0	14.0	0.41379310344827586	1.4604289619784436	0.5533903889050247	0.10204857151000088
KSSD2.L3K10S18	9	3.455998999999995	1234.999148000001	0.3370910000000001	0.34285714285714286	0.9230769230769231	0.5000000000000001	12.0	1.0	23.0	13.0	0.3333333333333333	1.376323666228858	0.5365890216214521	0.1685462584581631
KSSD2.L3K10S18	8	3.5454829999999893	1339.9994920000006	0.3216900000000001	0.37209302325581395	0.8421052631578947	0.5161290322580645	16.0	3.0	27.0	19.0	0.34782608695652173	1.308746902633766	0.4444809051550687	0.16086913036955544
KSSD2.L3K10S18	7	4.223306720237206	1484.9985529851986	0.463932	0.30952380952380953	0.9285714285714286	0.46428571428571436	13.0	1.0	29.0	14.0	0.3023255813953488	1.2880403795229804	0.48806835875398	0.23198316675433986
KSSD2.L3K10S18	6	3.1864369999999957	1372.9996640000006	0.27775600000000006	0.3	0.9230769230769231	0.4528301886792453	12.0	1.0	28.0	13.0	0.2926829268292683	1.4677259735897528	0.5722241530110843	0.13888494424721237
KSSD2.L3K10S18	5	3.5209929999999923	1054.9993410000006	0.20249999999999996	0.40625	0.9285714285714286	0.5652173913043478	13.0	1.0	19.0	14.0	0.3939393939393939	1.5707738613442823	0.5952026292559857	0.10124949375253123
KSSD2.L3K10S18	4	3.2380079999999913	1334.9992340000008	0.18706999999999993	0.425	0.9444444444444444	0.5862068965517241	17.0	1.0	23.0	18.0	0.4146341463414634	1.6857014953341218	0.5832126925295954	0.09354398022210128
KSSD2.L3K10S18	3	3.6156199999999847	1261.9989720000012	0.277017	0.425	0.9444444444444444	0.5862068965517241	17.0	1.0	23.0	18.0	0.4146341463414634	1.5685190126247326	0.5426703358624089	0.13852449957970148
KSSD2.L3K10S18	20	3.4298974128458553	1444.9992960072002	0.3331299999999999	0.3	0.8571428571428571	0.4444444444444444	12.0	2.0	28.0	14.0	0.2857142857142857	1.436392905457491	0.5442825698928258	0.16656833136662733
KSSD2.L3K10S18	19	2.917546000000003	1292.9997250000004	0.241756	0.37142857142857144	0.9285714285714286	0.5306122448979592	13.0	1.0	22.0	14.0	0.3611111111111111	1.4585455059008698	0.5526767037355371	0.12088162644879344
KSSD2.L3K10S18	12	3.6952160000000007	974.9994500000006	0.34182800000000013	0.4375	0.875	0.5833333333333334	14.0	2.0	18.0	16.0	0.4117647058823529	1.2266967313006467	0.4424373227305361	0.17091485457427288
KSSD2.L3K10S18	17	3.805246	1276.9989150000013	0.39648099999999986	0.3142857142857143	0.9166666666666666	0.4680851063829787	11.0	1.0	24.0	12.0	0.3055555555555556	1.4064700436057258	0.5660051832231681	0.1982624079960836
KSSD2.L3K10S18	18	3.5434599999999943	1334.999257000001	0.369944	0.4	0.875	0.5490196078431373	14.0	2.0	21.0	16.0	0.3783783783783784	1.468959239686663	0.5298150525909928	0.1849710751446243
KSSD2.L3K10S18	1	2.6954109999999982	861.9989900000004	0.19929300000000008	0.48484848484848486	0.9411764705882353	0.64	16.0	1.0	17.0	17.0	0.47058823529411764	1.6416609649368912	0.5794342908842087	0.0996456530119494
KSSD2.L3K10S18	10	3.888582000000004	1305.999434000001	0.42003400000000013	0.4146341463414634	1.0	0.5862068965517241	17.0	0.0	24.0	17.0	0.4146341463414634	1.3916446577203148	0.49118950418606455	0.21003884403978015
KSSD2.L3K10S18	11	3.1536119999999928	1219.9993170000007	0.312605	0.42424242424242425	0.9333333333333333	0.5833333333333333	14.0	1.0	19.0	15.0	0.4117647058823529	1.2698804350971409	0.46892795214072613	0.15631883531829077
KSSD2.L3K10S18	0	3.243558999999999	850.9996500000002	0.21192900000000006	0.5161290322580645	0.8888888888888888	0.6530612244897959	16.0	2.0	15.0	18.0	0.48484848484848486	1.4448189258596238	0.4998730429442317	0.10596465894698838
KSSD2.L3K10S18	13	3.6845129999999946	1326.9997020000005	0.34500600000000003	0.35135135135135137	0.8666666666666667	0.5000000000000001	13.0	2.0	24.0	15.0	0.3333333333333333	1.5074286246068613	0.5566472231546221	0.17250369001476007
KSSD2.L3K10S18	14	3.952663999999994	1405.9993630000008	0.40979200000000016	0.3333333333333333	0.9285714285714286	0.4905660377358491	13.0	1.0	26.0	14.0	0.325	0.6252831082645097	0.23693426484057026	0.2049185410395144
KSSD2.L3K10S18	15	3.64369997454024	1496.9994340057997	0.35159399999999996	0.23809523809523808	0.8333333333333334	0.37037037037037035	10.0	2.0	32.0	12.0	0.22727272727272727	1.4695880503931438	0.5914057377239993	0.17582161502610363
KSSD2.L3K10S18	16	4.136850999999992	1442.9988320000016	0.32257500000000006	0.3333333333333333	1.0	0.5	14.0	0.0	28.0	14.0	0.3333333333333333	1.4111717132652126	0.5347256755013139	0.16131984462884807
KSSD2.L3K10S8	9	3.2487029999999857	1167.9992730000006	0.32095299999999993	0.37142857142857144	0.8125	0.5098039215686275	13.0	3.0	22.0	16.0	0.34210526315789475	1.396968361974657	0.503849832024904	0.1604772221474997
KSSD2.L3K10S8	8	3.4702469999999845	1260.9995950000005	0.32406400000000013	0.4186046511627907	0.8571428571428571	0.5625000000000001	18.0	3.0	25.0	21.0	0.391304347826087	1.3201005257646417	0.4335985537198938	0.1620564705270496
KSSD2.L3K10S8	7	4.070212991029905	1400.998792987599	0.47724000000000005	0.40476190476190477	0.8095238095238095	0.5396825396825397	17.0	4.0	25.0	21.0	0.3695652173913043	1.2813143517982073	0.42085889593782233	0.2386374205316989
KSSD2.L3K10S8	6	3.370427999999988	1271.999669	0.274362	0.45	0.8571428571428571	0.5901639344262294	18.0	3.0	22.0	21.0	0.4186046511627907	1.5015810529743256	0.49320741879542535	0.13731721868093147
KSSD2.L3K10S8	5	3.466544999999989	1041.9996570000005	0.2501069999999999	0.5	0.7272727272727273	0.5925925925925926	16.0	6.0	16.0	22.0	0.42105263157894735	1.5991831352074533	0.517360456654354	0.12505293726178227
KSSD2.L3K10S8	4	4.092562999999986	1262.9994310000004	0.33807799999999993	0.45	0.782608695652174	0.5714285714285714	18.0	5.0	22.0	23.0	0.4	1.654747647352925	0.5277469940612118	0.16905522930201294
KSSD2.L3K10S8	3	3.5581189999999787	1182.999064000001	0.25109099999999995	0.475	0.7916666666666666	0.5937499999999999	19.0	5.0	21.0	24.0	0.4222222222222222	1.564128818130279	0.4921656150673295	0.12556012775488343
KSSD2.L3K10S8	20	3.5424238623013657	1376.9993660069993	0.3539049999999999	0.375	0.8333333333333334	0.5172413793103448	15.0	3.0	25.0	18.0	0.3488372093023256	1.494119110550756	0.5169297362766551	0.17695648152083424
KSSD2.L3K10S8	2	3.370366999999993	1013.0000049999999	0.18828799999999993	0.5185185185185185	0.7368421052631579	0.6086956521739131	14.0	5.0	13.0	19.0	0.4375	1.475074486611523	0.500969623432003	0.09414494144941449
KSSD2.L3K10S8	19	3.232980000000001	1192.9997790000002	0.30638300000000007	0.45714285714285713	0.7272727272727273	0.5614035087719298	16.0	6.0	19.0	22.0	0.3902439024390244	1.558218029958095	0.5041076120663248	0.15319601928256885
KSSD2.L3K10S8	12	3.9827439999999883	977.9998710000004	0.40610900000000005	0.4375	0.7	0.5384615384615384	14.0	6.0	18.0	20.0	0.3684210526315789	1.2449668091507147	0.41558013048801146	0.20305581986282906
KSSD2.L3K10S8	17	3.8322639999999786	1219.9991290000005	0.42678499999999986	0.4	0.6666666666666666	0.5	14.0	7.0	21.0	21.0	0.3333333333333333	1.4408430516631021	0.4732574914903597	0.21341608247711372
KSSD2.L3K10S8	1	3.492274000000001	909.9993330000001	0.33646599999999993	0.5151515151515151	0.85	0.6415094339622641	17.0	3.0	16.0	20.0	0.4722222222222222	1.607652363232765	0.5366475427143309	0.16823165414676686
KSSD2.L3K10S8	10	3.6793759999999973	1194.9995740000006	0.40264600000000006	0.4634146341463415	0.76	0.5757575757575758	19.0	6.0	22.0	25.0	0.40425531914893614	1.4050346539911014	0.4364985573957739	0.2013443425003051
KSSD2.L3K10S8	11	3.0933179999999845	1216.9994150000005	0.30616	0.42424242424242425	0.6666666666666666	0.5185185185185185	14.0	7.0	19.0	21.0	0.35	1.3229166083614847	0.4345235206578773	0.1530960750878842
KSSD2.L3K10S8	0	4.210941999999995	990.9998350000003	0.41752399999999995	0.5806451612903226	0.6666666666666666	0.6206896551724138	18.0	9.0	13.0	27.0	0.45	1.6241517534646281	0.49278887866608834	0.208762
KSSD2.L3K10S8	14	4.719615999999993	1352.9996390000006	0.5541730000000002	0.38461538461538464	0.75	0.5084745762711865	15.0	5.0	24.0	20.0	0.3409090909090909	0.3978388522286051	0.13280187142912755	0.27711712144191936
KSSD2.L3K10S8	15	3.6323089745402273	1407.9994790054002	0.34767499999999996	0.30952380952380953	0.6842105263157895	0.42622950819672134	13.0	6.0	29.0	19.0	0.2708333333333333	1.4707287314237205	0.4994937038362664	0.17386210148736048
KSSD2.L3K10S8	16	4.197633999999977	1377.9990800000014	0.30305900000000013	0.42857142857142855	0.8181818181818182	0.5625	18.0	4.0	24.0	22.0	0.391304347826087	1.494554862810676	0.4835115936977479	0.15155988775749538
KSSD2.L3K10S8	13	3.5888979999999853	1261.9997680000004	0.33634600000000003	0.40540540540540543	0.7894736842105263	0.5357142857142857	15.0	4.0	22.0	19.0	0.36585365853658536	1.5078823354268065	0.5121119323904897	0.1681738408692044
KSSD2.L3K10S8	18	3.7049759999999874	1215.999364000001	0.381383	0.5142857142857142	0.72	0.6	18.0	7.0	17.0	25.0	0.42857142857142855	1.6166346048388722	0.5022357782021823	0.1906906418921115
KSSD2.L3K11S18	9	3.492826999999997	1136.9992790000006	0.379471	0.45714285714285713	1.0	0.6274509803921569	16.0	0.0	19.0	16.0	0.45714285714285713	1.4201097511343432	0.5121963238698942	0.18973616407657426
KSSD2.L3K11S18	19	3.2950380000000012	1182.999788	0.280384	0.4857142857142857	0.9444444444444444	0.6415094339622641	17.0	1.0	18.0	18.0	0.4722222222222222	1.5212726620604649	0.5263242203721795	0.14019606568590487
KSSD2.L3K11S18	8	3.5691649999999973	1183.9995500000005	0.3403270000000001	0.4186046511627907	0.9473684210526315	0.5806451612903226	18.0	1.0	25.0	19.0	0.4090909090909091	1.347616446853354	0.45768190693999683	0.1701894538917185
KSSD2.L3K11S18	7	4.314283410044103	1302.998686986799	0.5040209999999999	0.47619047619047616	1.0	0.6451612903225806	20.0	0.0	22.0	20.0	0.47619047619047616	1.26220127999211	0.42133313818951384	0.2520297802781913
KSSD2.L3K11S18	6	3.192782999999995	1284.9996740000006	0.272485	0.375	0.9375	0.5357142857142857	15.0	1.0	25.0	16.0	0.36585365853658536	1.5145703013386325	0.5462657657047371	0.13624910808174198
KSSD2.L3K11S18	5	3.8518939999999886	955.9994210000007	0.31998	0.53125	0.9444444444444444	0.6799999999999999	17.0	1.0	15.0	18.0	0.5151515151515151	1.6140028551330536	0.5584066654138115	0.15998920005399975
KSSD2.L3K11S18	4	3.921992999999987	1178.9993330000002	0.2786920000000001	0.625	0.9615384615384616	0.7575757575757575	25.0	1.0	15.0	26.0	0.6097560975609756	1.738052812776155	0.5334565113382455	0.13935896038331563
KSSD2.L3K11S18	3	3.5404919999999946	1169.9990890000008	0.17336399999999993	0.5	0.9523809523809523	0.6557377049180327	20.0	1.0	20.0	21.0	0.4878048780487805	1.5503749982369621	0.5092342165151763	0.0866918828746477
KSSD2.L3K11S18	20	4.036133623303764	1323.9993260068006	0.40044599999999986	0.4	1.0	0.5714285714285715	16.0	0.0	24.0	16.0	0.4	1.4363582539421038	0.518056732475551	0.20022700454009085
KSSD2.L3K11S18	2	3.6970729999999956	737.999927	0.29515300000000005	0.5185185185185185	0.9333333333333333	0.6666666666666667	14.0	1.0	13.0	15.0	0.5	1.5636698534230549	0.5774153864602	0.14757790199006893
KSSD2.L3K11S18	18	3.869276999999992	1170.9993040000008	0.40177299999999994	0.5428571428571428	0.95	0.6909090909090908	19.0	1.0	16.0	20.0	0.5277777777777778	1.4999884595449098	0.5007084487444522	0.20088539513032674
KSSD2.L3K11S18	16	3.998542999999992	1377.9989920000012	0.29537100000000016	0.40476190476190477	1.0	0.576271186440678	17.0	0.0	25.0	17.0	0.40476190476190477	1.4690436363826713	0.5185079476858213	0.14771482139204636
KSSD2.L3K11S18	15	4.510885717862803	1385.9994400055996	0.48770900000000006	0.30952380952380953	1.0	0.4727272727272727	13.0	0.0	29.0	13.0	0.30952380952380953	1.3748947878605386	0.5360319430326828	0.24388876637167523
KSSD2.L3K11S18	14	4.986245000000002	1519.999362000001	0.5882040000000002	0.23076923076923078	1.0	0.375	9.0	0.0	30.0	9.0	0.23076923076923078	0.3403192899962183	0.15488598366617606	0.29413494311362876
KSSD2.L3K11S18	13	3.736432000000001	1220.9997050000004	0.3560829999999999	0.43243243243243246	0.9411764705882353	0.5925925925925927	16.0	1.0	21.0	17.0	0.42105263157894735	1.485368527354915	0.5242699179258993	0.17804247923363575
KSSD2.L3K11S18	12	4.216155999999994	887.9994990000004	0.4232210000000002	0.53125	1.0	0.6938775510204082	17.0	0.0	15.0	17.0	0.53125	1.2067056189840577	0.4259141379224404	0.21161124063934225
KSSD2.L3K11S18	11	3.5018349999999927	1154.9993620000007	0.31492	0.3939393939393939	0.9285714285714286	0.5531914893617021	13.0	1.0	20.0	14.0	0.38235294117647056	1.4218695091495923	0.5387793183548927	0.15747637754326446
KSSD2.L3K11S18	10	3.7068280000000033	1181.9994740000009	0.35173699999999997	0.4878048780487805	1.0	0.6557377049180327	20.0	0.0	21.0	20.0	0.4878048780487805	1.428070067900703	0.47670149983279725	0.17588740789634885
KSSD2.L3K11S18	1	3.696997999999998	831.9991090000001	0.33556099999999994	0.5151515151515151	0.9444444444444444	0.6666666666666666	17.0	1.0	16.0	18.0	0.5	1.7053040505950139	0.5899947112119119	0.16777873832324755
KSSD2.L3K11S18	0	3.5658549999999942	799.9997030000001	0.25205400000000006	0.5806451612903226	0.9473684210526315	0.72	18.0	1.0	13.0	19.0	0.5625	1.453576593114131	0.4936684385035661	0.126027126027126
KSSD2.L3K11S18	17	3.9917920000000016	1184.9988900000012	0.41472499999999984	0.34285714285714286	1.0	0.5106382978723404	12.0	0.0	23.0	12.0	0.34285714285714286	1.3495553078751645	0.5431010086396211	0.2073854160884778
KSSD2.L3K11S48	2	3.200591	789.9996470000002	0.18152200000000002	0.4444444444444444	1.0	0.6153846153846153	12.0	0.0	15.0	12.0	0.4444444444444444	1.4835538695783952	0.5970259968135884	0.0907619983819822
KSSD2.L3K11S48	20	3.4056132372476173	1427.9993180070003	0.357744	0.325	1.0	0.4905660377358491	13.0	0.0	27.0	13.0	0.325	1.4336002228648475	0.5589195040808307	0.17887557751155025
KSSD2.L3K11S48	3	3.8124349999999967	1300.9989740000012	0.24945699999999993	0.425	1.0	0.5964912280701754	17.0	0.0	23.0	17.0	0.425	1.5303012162013685	0.5401291856159649	0.12474290780585155
KSSD2.L3K11S48	4	3.327939999999987	1334.9992360000006	0.19416400000000003	0.475	1.0	0.6440677966101694	19.0	0.0	21.0	19.0	0.475	1.6773554388723886	0.5696689422808965	0.0970913207667936
KSSD2.L3K11S48	19	3.023588000000001	1269.9997090000004	0.255783	0.42857142857142855	1.0	0.6	15.0	0.0	20.0	15.0	0.42857142857142855	1.4517599184124024	0.53609047491864	0.12789527291055086
KSSD2.L3K11S48	6	3.574060999999996	1409.9995960000008	0.30931	0.325	1.0	0.4905660377358491	13.0	0.0	27.0	13.0	0.325	1.4575482643479634	0.5682561568351824	0.15466273313665682
KSSD2.L3K11S48	7	4.132567284542847	1504.998553985399	0.4420529999999999	0.3333333333333333	1.0	0.5	14.0	0.0	28.0	14.0	0.3333333333333333	1.3048383435859574	0.4944334967426367	0.22104296770109377
KSSD2.L3K11S48	8	3.4908499999999902	1338.9994770000008	0.31245300000000004	0.32558139534883723	1.0	0.49122807017543857	14.0	0.0	29.0	14.0	0.32558139534883723	1.2965168547911259	0.49128029173210186	0.1562498593539734
KSSD2.L3K11S48	5	3.7828759999999924	1062.9992780000007	0.25362100000000004	0.40625	1.0	0.5777777777777777	13.0	0.0	19.0	13.0	0.40625	1.5810951685548966	0.6164235422252801	0.126809802546086
KSSD2.L3K11S48	18	3.4716719999999954	1331.999238000001	0.3583430000000001	0.42857142857142855	1.0	0.6	15.0	0.0	20.0	15.0	0.42857142857142855	1.4581596853520757	0.5384537128442399	0.17917051456216995
KSSD2.L3K11S48	9	3.253215999999996	1228.999148000001	0.31511500000000003	0.34285714285714286	1.0	0.5106382978723404	12.0	0.0	23.0	12.0	0.34285714285714286	1.378985092983282	0.5549444254177235	0.1575582090119406
KSSD2.L3K11S48	16	3.888948999999996	1503.9988440000016	0.2790460000000002	0.3333333333333333	1.0	0.5	14.0	0.0	28.0	14.0	0.3333333333333333	1.436797165877066	0.5444357535372424	0.13955104976100202
KSSD2.L3K11S48	0	3.475005999999999	857.9996400000002	0.23545000000000016	0.5161290322580645	1.0	0.6808510638297872	16.0	0.0	15.0	16.0	0.5161290322580645	1.4590486100248117	0.5262405485246827	0.11772511772511778
KSSD2.L3K11S48	1	2.910430999999998	895.9989660000005	0.20577600000000001	0.45454545454545453	1.0	0.625	15.0	0.0	18.0	15.0	0.45454545454545453	1.6687542431056044	0.6162198331575983	0.10288707401633382
KSSD2.L3K11S48	10	3.7536350000000067	1303.9994000000013	0.37381800000000004	0.3902439024390244	1.0	0.5614035087719299	16.0	0.0	25.0	16.0	0.3902439024390244	1.3974096417665256	0.5040089900667474	0.18692862750588812
KSSD2.L3K11S48	11	3.1142209999999926	1237.9993300000006	0.29580900000000004	0.36363636363636365	1.0	0.5333333333333333	12.0	0.0	21.0	12.0	0.36363636363636365	1.2896633993562148	0.5189987315886665	0.14791995763557292
KSSD2.L3K11S48	17	3.7775160000000008	1300.9989390000012	0.43589199999999984	0.2857142857142857	1.0	0.4444444444444445	10.0	0.0	25.0	10.0	0.2857142857142857	1.355087536581826	0.5885070396333579	0.2179699766974367
KSSD2.L3K11S48	13	3.688074000000002	1298.9996990000004	0.35155800000000004	0.35135135135135137	1.0	0.52	13.0	0.0	24.0	13.0	0.35135135135135137	1.4952824505261058	0.5829676309889984	0.17577970311881247
KSSD2.L3K11S48	14	4.487962999999995	1463.9993630000006	0.47731500000000016	0.28205128205128205	1.0	0.44000000000000006	11.0	0.0	28.0	11.0	0.28205128205128205	0.5311588401048433	0.22151044131505165	0.23868363585812655
KSSD2.L3K11S48	15	3.7998915653343337	1529.9994060059996	0.372396	0.2619047619047619	1.0	0.41509433962264153	11.0	0.0	31.0	11.0	0.2619047619047619	1.4623549589564002	0.6098493856446932	0.18622407136999178
KSSD2.L3K11S48	12	3.822391000000002	989.9994690000004	0.35064400000000007	0.46875	1.0	0.6382978723404256	15.0	0.0	17.0	15.0	0.46875	1.2230736817225025	0.4516436516666849	0.17532287661438312
MetaPhlAn4	19	4.342919099999993	1178.1723106000004	0.4183934999999998	0.6285714285714286	1.0	0.7719298245614035	22.0	0.0	13.0	22.0	0.6285714285714286	1.309155930582506	0.4235321741246715	0.20920301563031807
MetaPhlAn4	8	4.482998199999996	1203.0869910000006	0.44073309999999993	0.6046511627906976	1.0	0.7536231884057971	26.0	0.0	17.0	26.0	0.6046511627906976	1.2256443003910944	0.3761841572488768	0.22039959891985803
MetaPhlAn4	7	5.2057079826188275	1401.299541285599	0.5253321999999999	0.5	1.0	0.6666666666666666	21.0	0.0	21.0	21.0	0.5	1.535258697843597	0.5042691355533594	0.26268577516455976
MetaPhlAn4	6	5.580942600000003	1306.2819221000007	0.6149952999999999	0.475	1.0	0.6440677966101694	19.0	0.0	21.0	19.0	0.475	1.415788699896484	0.4808347905709659	0.30751304102770344
MetaPhlAn4	5	5.413561499999996	1001.0300939000005	0.6230860999999998	0.59375	1.0	0.7450980392156863	19.0	0.0	13.0	19.0	0.59375	1.7696789180780896	0.6010241443614767	0.31154147671554255
MetaPhlAn4	4	5.161666200000003	1208.0286597000004	0.5883443	0.65	1.0	0.787878787878788	26.0	0.0	14.0	26.0	0.65	1.6707103622705834	0.512787249479459	0.2942001137208092
MetaPhlAn4	3	5.425716799999988	1135.0209032000005	0.6180107	0.625	0.9615384615384616	0.7575757575757575	25.0	1.0	15.0	26.0	0.6097560975609756	1.7765608308468726	0.5452756878486205	0.30904087424849475
MetaPhlAn4	20	5.19653393189568	1255.2003564072	0.5657869	0.65	1.0	0.787878787878788	26.0	0.0	14.0	26.0	0.65	1.463695779454419	0.4492487445885399	0.282899093836922
MetaPhlAn4	2	4.295317199999994	804.0283438000001	0.35143690000000016	0.5185185185185185	1.0	0.6829268292682926	14.0	0.0	13.0	14.0	0.5185185185185185	1.6169005848596867	0.6126811140913754	0.17572021598817072
MetaPhlAn4	18	5.102395199999994	1235.5237580000003	0.47162950000000003	0.5714285714285714	1.0	0.7272727272727273	20.0	0.0	15.0	20.0	0.5714285714285714	1.46556270665655	0.48921685011520666	0.2358135827227656
MetaPhlAn4	9	4.497563599999999	1104.1312285000006	0.4432021000000001	0.4857142857142857	1.0	0.6538461538461539	17.0	0.0	18.0	17.0	0.4857142857142857	1.30034900248408	0.45896614358818955	0.22160214693062733
MetaPhlAn4	16	5.582796399999995	1305.2529983000009	0.510256	0.5714285714285714	1.0	0.7272727272727273	24.0	0.0	18.0	24.0	0.5714285714285714	1.3428825911644104	0.4225487241093668	0.2551790358071615
MetaPhlAn4	0	4.7114433999999985	899.0844532000002	0.3809062999999999	0.6129032258064516	1.0	0.76	19.0	0.0	12.0	19.0	0.6129032258064516	1.7610311027378154	0.598087145020868	0.19045314047734288
MetaPhlAn4	1	4.3429234999999995	881.0204626000001	0.49269680000000027	0.5757575757575758	1.0	0.7307692307692308	19.0	0.0	14.0	19.0	0.5757575757575758	1.5281208245466549	0.5189853942835861	0.24634593654063455
MetaPhlAn4	10	5.475448000000001	1166.2280248000006	0.5935816000000002	0.6097560975609756	1.0	0.7575757575757575	25.0	0.0	16.0	25.0	0.6097560975609756	1.3871947895590706	0.43095629189605983	0.2968219959917788
MetaPhlAn4	11	4.934968399999992	1198.1487137000004	0.5361010000000002	0.48484848484848486	1.0	0.653061224489796	16.0	0.0	17.0	16.0	0.48484848484848486	1.09498579264798	0.3949326432242779	0.26807864825806715
MetaPhlAn4	17	5.002159799999999	1119.351895000001	0.49187179999999986	0.6285714285714286	1.0	0.7719298245614035	22.0	0.0	13.0	22.0	0.6285714285714286	1.6463353469667894	0.5326149258086379	0.2459629805241557
MetaPhlAn4	13	5.427969100000001	1216.1862883000001	0.5357124000000002	0.5675675675675675	1.0	0.7241379310344828	21.0	0.0	16.0	21.0	0.5675675675675675	1.5920883662584424	0.5229353367646536	0.2678575660735869
MetaPhlAn4	14	6.223857400000001	1340.3623578000006	0.7660729000000001	0.5128205128205128	1.0	0.6779661016949152	20.0	0.0	19.0	20.0	0.5128205128205128	1.6248693176045768	0.5423947032746391	0.38307860780078856
MetaPhlAn4	15	5.358158438568606	1352.9994411055995	0.4377418	0.5476190476190477	1.0	0.7076923076923077	23.0	0.0	19.0	23.0	0.5476190476190477	1.5717667118281553	0.5012819681960056	0.21890246573555908
MetaPhlAn4	12	4.7927347000000005	937.0441407000001	0.4227194	0.53125	1.0	0.6938775510204082	17.0	0.0	15.0	17.0	0.53125	0.8439992156735673	0.29789469170904087	0.21136073566760474
mOTUs3	19	4.111825635332906	1080.4248443700703	0.351142139000542	0.5428571428571428	1.0	0.7037037037037037	19.0	0.0	16.0	19.0	0.5428571428571428	1.4747741416670903	0.5008676192992777	0.17557633679037465
mOTUs3	8	3.7881803421569855	1187.776223245175	0.327547655658155	0.5116279069767442	1.0	0.676923076923077	22.0	0.0	21.0	22.0	0.5116279069767442	1.3316995448542794	0.43082538171141316	0.16379839758871576
mOTUs3	7	3.7863065699423686	1244.7198413803899	0.31347710688946195	0.5238095238095238	1.0	0.6875000000000001	22.0	0.0	20.0	22.0	0.5238095238095238	1.487462990723553	0.4812172634858099	0.15675030971795983
mOTUs3	6	3.6571648264925964	1212.2742472712234	0.3052855694179098	0.45	1.0	0.6206896551724138	18.0	0.0	22.0	18.0	0.45	1.399931755372389	0.48434314774490017	0.15265041722981634
mOTUs3	5	4.077736487007625	978.5698584352778	0.3416907528638022	0.59375	1.0	0.7450980392156863	19.0	0.0	13.0	19.0	0.59375	1.481221581019152	0.5030573197473701	0.17084452220929008
mOTUs3	4	4.736944047392842	1142.3532886778755	0.4205204513861239	0.65	1.0	0.787878787878788	26.0	0.0	14.0	26.0	0.65	1.787898441829623	0.5487555144438249	0.2102802023122816
mOTUs3	3	4.626799733724254	1138.4628206313134	0.420178477010981	0.575	1.0	0.7301587301587301	23.0	0.0	17.0	23.0	0.575	1.5937194705653301	0.5082833393437017	0.2101134015466684
mOTUs3	20	3.8392940368058484	1197.4980231993143	0.30294667743331793	0.55	1.0	0.7096774193548387	22.0	0.0	18.0	22.0	0.55	1.5189290327941096	0.4913970143450612	0.15147636824402383
mOTUs3	2	3.9226090801001323	858.6395808273364	0.24649603580803534	0.5555555555555556	1.0	0.7142857142857143	15.0	0.0	12.0	15.0	0.5555555555555556	1.460510094038747	0.5393216467864227	0.12324925039652164
mOTUs3	9	3.3844916461573935	1150.122432153606	0.27356329292884884	0.4857142857142857	1.0	0.6538461538461539	17.0	0.0	18.0	17.0	0.4857142857142857	1.3801650011179873	0.48713768908840854	0.13678233037607632
mOTUs3	18	4.390470076448034	1078.7354029995631	0.41991108428369484	0.6	1.0	0.7499999999999999	21.0	0.0	14.0	21.0	0.6	1.5372354039180274	0.5049184019374523	0.20995449236938557
mOTUs3	16	4.079866447162852	1197.2613638131186	0.2135514562630069	0.5238095238095238	1.0	0.6875000000000001	22.0	0.0	20.0	22.0	0.5238095238095238	1.4637376955202186	0.47354176385701713	0.10679708754901325
mOTUs3	15	4.224864374468949	1203.534179049429	0.3684060872600684	0.47619047619047616	1.0	0.6451612903225806	20.0	0.0	22.0	20.0	0.47619047619047616	1.6503307638833058	0.5508939428440425	0.1842288356670275
mOTUs3	14	5.014009373031843	1285.5093021026953	0.614541873600077	0.46153846153846156	1.0	0.631578947368421	18.0	0.0	21.0	18.0	0.46153846153846156	1.5314628681237397	0.5298497897164814	0.3073047403214738
mOTUs3	13	3.7638289278417525	1064.4958358341019	0.31592795338430113	0.5405405405405406	1.0	0.7017543859649124	20.0	0.0	17.0	20.0	0.5405405405405406	1.5058378002221446	0.5026610066311741	0.15796476651598312
mOTUs3	12	4.089207980307971	849.1637836028002	0.2798704788634429	0.5	1.0	0.6666666666666666	16.0	0.0	16.0	16.0	0.5	1.295422852301306	0.4672250312173326	0.139935939111417
mOTUs3	11	3.302987802319497	1163.7609557046158	0.239560656141929	0.48484848484848486	1.0	0.653061224489796	16.0	0.0	17.0	16.0	0.48484848484848486	1.2685333335452382	0.45752668737701513	0.11979290632612877
mOTUs3	10	3.724741745657738	1126.082691209432	0.3153872195873703	0.5853658536585366	1.0	0.7384615384615384	24.0	0.0	17.0	24.0	0.5853658536585366	1.4612785223157165	0.4598029486982384	0.1577101693614681
mOTUs3	1	4.178674425210197	850.6838131303859	0.33958055532429804	0.5757575757575758	1.0	0.7307692307692308	19.0	0.0	14.0	19.0	0.5757575757575758	1.6291503302657657	0.5532973655738561	0.16978857977635123
mOTUs3	0	4.216711766038381	991.0863286625527	0.3272826063822903	0.6129032258064516	1.0	0.76	19.0	0.0	12.0	19.0	0.6129032258064516	1.4922558733272715	0.5068048222041007	0.16364130319114517
mOTUs3	17	3.710386899715248	1152.4188652405655	0.30576854792282204	0.5142857142857142	1.0	0.6792452830188679	18.0	0.0	17.0	18.0	0.5142857142857142	1.5069741669716479	0.5213772805711816	0.15290109308164998
MetaPhlAn3	20	6.211038062119366	1314.9993419066	0.7313216000000001	0.5	1.0	0.6666666666666666	20.0	0.0	20.0	20.0	0.5	1.3776080629461414	0.45985686875543597	0.3656681499298135
MetaPhlAn3	3	7.193266799999998	1153.9990628000005	0.9817933000000003	0.525	0.9545454545454546	0.6774193548387099	21.0	1.0	19.0	22.0	0.5121951219512195	2.0092553790737164	0.6500251644524411	0.4909531341580848
MetaPhlAn3	9	5.8738421999999915	1093.9992323000001	0.7276866999999999	0.34285714285714286	1.0	0.5106382978723404	12.0	0.0	23.0	12.0	0.34285714285714286	1.0106940174726924	0.40673319360263277	0.3638451874181965
MetaPhlAn3	4	6.012924200000008	1245.9993122000003	0.7558564	0.575	1.0	0.7301587301587301	23.0	0.0	17.0	23.0	0.575	2.0516863239810657	0.6543422448550376	0.3779640687901281
MetaPhlAn3	2	7.4317156	836.9996705000001	1.0469560000000002	0.48148148148148145	1.0	0.65	13.0	0.0	14.0	13.0	0.48148148148148145	1.9641355782304568	0.7657599837270512	0.5234832348323484
MetaPhlAn3	6	7.274977000000006	1355.9996523000004	0.9880478999999999	0.425	1.0	0.5964912280701754	17.0	0.0	23.0	17.0	0.425	1.0980254812117523	0.3875548177532392	0.4940486771362907
MetaPhlAn3	7	5.775868963693639	1314.9988625885996	0.6785218	0.47619047619047616	1.0	0.6451612903225806	20.0	0.0	22.0	20.0	0.47619047619047616	1.416375513673067	0.472797761728136	0.3392863804071685
MetaPhlAn3	8	5.816687799999996	1234.9994719000006	0.7007703999999998	0.5116279069767442	1.0	0.676923076923077	22.0	0.0	21.0	22.0	0.5116279069767442	0.9690154888454867	0.31349148498193	0.35043776566484974
MetaPhlAn3	5	7.7892750999999985	1033.9993922000003	1.0929639000000002	0.46875	1.0	0.6382978723404256	15.0	0.0	17.0	15.0	0.46875	1.713259226038257	0.632654160303579	0.5464791902800892
MetaPhlAn3	19	4.976705399999996	1198.9997507	0.48642409999999997	0.5142857142857142	1.0	0.6792452830188679	18.0	0.0	17.0	18.0	0.5142857142857142	1.3489660422321632	0.46671022111496296	0.24321933441906585
MetaPhlAn3	13	6.671374899999996	1188.9996809000004	0.8227789999999997	0.5135135135135135	1.0	0.6785714285714285	19.0	0.0	18.0	19.0	0.5135135135135135	1.400245325971981	0.47555589906243706	0.41139159809715015
MetaPhlAn3	17	6.531778999999996	1163.9989528000008	0.7982910999999998	0.4857142857142857	1.0	0.6538461538461539	17.0	0.0	18.0	17.0	0.4857142857142857	1.503394459663783	0.5306322811226858	0.39918944087902475
MetaPhlAn3	16	6.485568899999993	1292.9990316000008	0.7120206	0.5238095238095238	1.0	0.6875000000000001	22.0	0.0	20.0	22.0	0.5238095238095238	1.254128816371734	0.4057300523353098	0.3560815163032608
MetaPhlAn3	15	6.153761506571929	1370.9994028060003	0.6886666999999999	0.42857142857142855	1.0	0.6	18.0	0.0	24.0	18.0	0.42857142857142855	1.458128004990424	0.5044776683161899	0.34438158064036856
MetaPhlAn3	14	8.164397200000009	1356.9993611000007	1.135366	0.358974358974359	1.0	0.5283018867924528	14.0	0.0	25.0	14.0	0.358974358974359	1.5793519373847946	0.598453061122035	0.5678233091396884
MetaPhlAn3	12	5.013219399999997	936.9995108000003	0.46133719999999995	0.4375	1.0	0.6086956521739131	14.0	0.0	18.0	14.0	0.4375	0.9926246786847803	0.37612850147120247	0.23066975334876666
MetaPhlAn3	11	6.048051899999998	1179.9993902000008	0.7619765999999999	0.45454545454545453	1.0	0.625	15.0	0.0	18.0	15.0	0.45454545454545453	0.8161408067621397	0.3013758040489649	0.3810283079723371
MetaPhlAn3	10	6.651738000000001	1207.9994027000007	0.8584762000000005	0.4878048780487805	1.0	0.6557377049180327	20.0	0.0	21.0	20.0	0.4878048780487805	1.0995083086748538	0.3670248901683229	0.429283174733347
MetaPhlAn3	1	5.6285845	899.9991511000002	0.6130799000000001	0.42424242424242425	1.0	0.5957446808510638	14.0	0.0	19.0	14.0	0.42424242424242425	1.8145370549354531	0.6875701541504556	0.30653689995784533
MetaPhlAn3	0	6.957030699999997	912.9996107000003	0.8975557999999999	0.4838709677419355	1.0	0.6521739130434783	15.0	0.0	16.0	15.0	0.4838709677419355	1.9249660610109791	0.7108310105283476	0.44877789999999995
MetaPhlAn3	18	6.008463499999993	1210.9992523000003	0.6912541	0.4857142857142857	1.0	0.6538461538461539	17.0	0.0	18.0	17.0	0.4857142857142857	1.3454135487940875	0.4748719511774938	0.34562533915457117
mOTUs1	2	5.39207808999999	2104.0000892300004	0.33757911000000007	0.5185185185185185	0.56	0.5384615384615384	14.0	11.0	13.0	25.0	0.3684210526315789	1.4613596150453225	0.4539968903911225	0.16882198148209315
mOTUs1	20	5.743260779392703	1915.0000391795995	0.4568106299999999	0.575	0.7419354838709677	0.6478873239436619	23.0	8.0	17.0	31.0	0.4791666666666667	1.3439630158910776	0.39137100282019727	0.22840988433973622
mOTUs1	3	5.881677970966066	2568.9999189498994	0.4653243300000002	0.525	0.6774193548387096	0.5915492957746479	21.0	10.0	19.0	31.0	0.42	1.7083163712499134	0.49747313240383473	0.23272201761209954
mOTUs1	9	5.2491333705879395	1742.0001693299448	0.36284423999999993	0.4857142857142857	0.6071428571428571	0.5396825396825397	17.0	11.0	18.0	28.0	0.3695652173913043	1.2785337101394751	0.3836900485055316	0.1814306617555554
mOTUs1	6	5.493486441462616	2177.00004921985	0.3466731900000002	0.55	0.7333333333333333	0.6285714285714286	22.0	8.0	18.0	30.0	0.4583333333333333	1.3080481746766501	0.38458461179851045	0.1733740099782234
mOTUs1	7	5.223412901107478	2504.000178881593	0.37214687999999996	0.5238095238095238	0.7586206896551724	0.6197183098591549	22.0	7.0	20.0	29.0	0.4489795918367347	1.423571975064269	0.4227641546629383	0.18612597033260694
mOTUs1	8	5.3606805199999865	1965.000069310001	0.3746894500000002	0.46511627906976744	0.7407407407407407	0.5714285714285714	20.0	7.0	23.0	27.0	0.4	1.2751295703192198	0.38689098464545935	0.18738088482624937
mOTUs1	19	6.087053186043976	2009.0002092299305	0.52025244	0.5714285714285714	0.7407407407407407	0.6451612903225806	20.0	7.0	15.0	27.0	0.47619047619047616	1.1923114447637564	0.3617628824600296	0.26015757939462014
mOTUs1	5	5.533771796463955	1870.0003493599363	0.34498585	0.53125	0.6538461538461539	0.5862068965517242	17.0	9.0	15.0	26.0	0.4146341463414634	1.497388493801407	0.4595899711156852	0.17251779775349113
mOTUs1	18	5.859091215720281	2380.0001888096394	0.4374061599999999	0.5142857142857142	0.6666666666666666	0.5806451612903226	18.0	9.0	17.0	27.0	0.4090909090909091	1.3913795909881947	0.4221627609484866	0.218746022031585
mOTUs1	4	6.1823547928768985	2474.9999492999373	0.55866797	0.575	0.696969696969697	0.6301369863013698	23.0	10.0	17.0	33.0	0.46	1.5945478191845033	0.45604014610388244	0.2793986979294209
mOTUs1	16	5.761675720356166	2192.000129199813	0.3641858400000001	0.5238095238095238	0.7096774193548387	0.6027397260273972	22.0	9.0	20.0	31.0	0.43137254901960786	1.485866918013337	0.4326943664998633	0.18215071460023555
mOTUs1	15	5.935795230007685	2196.9998991109	0.49059415999999983	0.47619047619047616	0.6666666666666666	0.5555555555555556	20.0	10.0	22.0	30.0	0.38461538461538464	1.4584621215841471	0.42880843359681786	0.24535848832245732
mOTUs1	14	5.990021408840871	2250.000219049522	0.40263238	0.48717948717948717	0.7916666666666666	0.6031746031746031	19.0	5.0	20.0	24.0	0.4318181818181818	1.2859920468328654	0.40464766032363586	0.20154422318043302
mOTUs1	13	5.371240211655065	2073.9999591898472	0.3592297100000001	0.4864864864864865	0.6923076923076923	0.5714285714285714	18.0	8.0	19.0	26.0	0.4	1.4351699320984164	0.44049337254136134	0.17964953903825448
mOTUs1	12	5.699200124529631	2215.9998887598426	0.32068330999999994	0.46875	0.7142857142857143	0.5660377358490566	15.0	6.0	17.0	21.0	0.39473684210526316	1.3707631502301405	0.450239135453751	0.16038433246894832
mOTUs1	11	5.1143286344760615	2002.000108709893	0.31805516	0.5454545454545454	0.6666666666666666	0.6	18.0	9.0	15.0	27.0	0.42857142857142855	1.2036260021793177	0.36519586712388474	0.1590575734866324
mOTUs1	10	5.565994796656268	2364.0000391799254	0.4121128300000001	0.5365853658536586	0.7857142857142857	0.6376811594202899	22.0	6.0	19.0	28.0	0.46808510638297873	1.3375226380437855	0.4013927218331086	0.2061166206343042
mOTUs1	1	5.756447072503042	2130.9996892999457	0.5171277800000001	0.42424242424242425	0.56	0.4827586206896552	14.0	11.0	19.0	25.0	0.3181818181818182	1.37595976660138	0.42746593576896363	0.2585880860872152
mOTUs1	0	5.593716686462394	2071.9999490898117	0.35340284000000005	0.5161290322580645	0.6956521739130435	0.5925925925925926	16.0	7.0	15.0	23.0	0.42105263157894735	1.6035488482833191	0.5114182128408535	0.1767334635442752
mOTUs1	17	5.29024751	2532.9998486900026	0.3644807299999999	0.5428571428571428	0.7307692307692307	0.6229508196721311	19.0	7.0	16.0	26.0	0.4523809523809524	1.3340273724232157	0.40944992171205574	0.18227835272009862
mOTUs2	2	3.9190744431752598	884.6047846548055	0.23790961901217714	0.5555555555555556	1.0	0.7142857142857143	15.0	0.0	12.0	15.0	0.5555555555555556	1.4653173518633762	0.5410968198695039	0.11895599906607923
mOTUs2	20	3.9931020110837046	1186.4302038933304	0.2944720293273614	0.55	1.0	0.7096774193548387	22.0	0.0	18.0	22.0	0.55	1.523409388133398	0.4928464785329182	0.14723895944286958
mOTUs2	3	4.649254289917421	1179.3109117206623	0.4073264517147064	0.575	1.0	0.7301587301587301	23.0	0.0	17.0	23.0	0.575	1.5947603095276512	0.5086152930615665	0.20368664982208276
mOTUs2	7	4.11237232483114	1230.450806210672	0.31441111530674315	0.5238095238095238	1.0	0.6875000000000001	22.0	0.0	20.0	22.0	0.5238095238095238	1.4875905886643785	0.4812585433914569	0.1572173489545431
mOTUs2	5	4.096880658337806	973.3409617448078	0.3354822796952524	0.59375	1.0	0.7450980392156863	19.0	0.0	13.0	19.0	0.59375	1.4866347496875372	0.5048957578018471	0.16774030114612049
mOTUs2	6	3.7433936556482714	1223.9129362180893	0.3031066999737487	0.45	1.0	0.6206896551724138	18.0	0.0	22.0	18.0	0.45	1.4018655370146413	0.4850121902779133	0.15156092803327598
mOTUs2	19	4.198731052967288	1095.312062274707	0.349590401263888	0.5142857142857142	1.0	0.6792452830188679	18.0	0.0	17.0	18.0	0.5142857142857142	1.4710726469283657	0.5089562070725206	0.17480044464528333
mOTUs2	4	4.788408414759981	1159.838114191821	0.4194133856171842	0.65	1.0	0.787878787878788	26.0	0.0	14.0	26.0	0.65	1.7888360795125873	0.5490433013991903	0.20972661683719174
mOTUs2	18	4.49139352619746	1076.0571585167277	0.4108548890257756	0.5714285714285714	1.0	0.7272727272727273	20.0	0.0	15.0	20.0	0.5714285714285714	1.5352861023521227	0.5124910913787146	0.20542641738080086
mOTUs2	13	3.954328083691944	1062.323767469612	0.3146414307510548	0.5405405405405406	1.0	0.7017543859649124	20.0	0.0	17.0	20.0	0.5405405405405406	1.5039261573061746	0.5020228845490221	0.1573215019830373
mOTUs2	16	4.203115835414738	1214.1212528705182	0.21216408008315452	0.5	1.0	0.6666666666666666	21.0	0.0	21.0	21.0	0.5	1.4615526297584034	0.4800597333916502	0.106103260693716
mOTUs2	15	4.436012445538395	1203.3790983128526	0.3647432350007788	0.4523809523809524	1.0	0.6229508196721312	19.0	0.0	23.0	19.0	0.4523809523809524	1.6458839375902474	0.5589804880440046	0.18239715310182356
mOTUs2	14	4.969548090546028	1292.4633842429932	0.6055719899178507	0.48717948717948717	1.0	0.6551724137931034	19.0	0.0	20.0	19.0	0.48717948717948717	1.5327797088543347	0.5205676598155411	0.3028193050824844
mOTUs2	12	4.143464164582758	851.387783618781	0.27547519798727343	0.5	1.0	0.6666666666666666	16.0	0.0	16.0	16.0	0.5	1.2907421262261385	0.4655368161432316	0.13773828768507518
mOTUs2	11	3.4418105413482394	1189.303331833287	0.24169957903208153	0.48484848484848486	1.0	0.653061224489796	16.0	0.0	17.0	16.0	0.48484848484848486	1.2649048164067624	0.45621797645665024	0.1208624800764488
mOTUs2	10	3.890687242438836	1131.5655354013998	0.31114363363433606	0.5853658536585366	1.0	0.7384615384615384	24.0	0.0	17.0	24.0	0.5853658536585366	1.4636622289948635	0.46055300102786995	0.15558815357329317
mOTUs2	1	4.208064660909917	857.5484238794883	0.3371276653722955	0.5757575757575758	1.0	0.7307692307692308	19.0	0.0	14.0	19.0	0.5757575757575758	1.627157589136199	0.5526205843113927	0.1685621470646771
mOTUs2	0	4.258653853520872	996.4782069289218	0.3268164405574679	0.5806451612903226	1.0	0.7346938775510204	18.0	0.0	13.0	18.0	0.5806451612903226	1.4875858019108643	0.5146693666124263	0.1634082202787339
mOTUs2	8	3.9512144030966665	1186.2435186714897	0.3261132406250537	0.5116279069767442	1.0	0.676923076923077	22.0	0.0	21.0	22.0	0.5116279069767442	1.330887336156497	0.4305626196464988	0.16308108247489808
mOTUs2	17	3.949729081789249	1132.2160524986034	0.3014419619247182	0.5142857142857142	1.0	0.6792452830188679	18.0	0.0	17.0	18.0	0.5142857142857142	1.5084164567569434	0.5218762785915418	0.1507375620941895
mOTUs2	9	3.5575777007315184	1122.455558339524	0.26940687436664634	0.4857142857142857	1.0	0.6538461538461539	17.0	0.0	18.0	17.0	0.4857142857142857	1.3833600801965538	0.48826541181542077	0.13470411070387675
